name,email,password,title,birth_date,birth_month,birth_year,firstname,lastname,company,address1,address2,country,zipcode,state,city,mobile_number
John Doe,aaaaaa.bbbb@example.com,Pass1234,Mr,12,5,1985,John,Doe,Acme Corp,123 Elm St,Apt 4B,USA,90210,CA,Los Angeles,123-456-7890
Jane Smith,jane.smith@example.com,SecurePass9,Mrs,3,8,1990,Jane,Smith,Widgets Inc,123 Rio De Janerio St,Suite 300,USA,10001,NY,New York,098-765-4321
Alice Johnson,alice.j@example.com,Password1,Miss,23,2,1992,Alice,Johnson,Tech Solutions,789 Pine St,,USA,30301,GA,Atlanta,456-789-0123
Bob Brown,bob.brown@example.com,MyPass987,Mr,14,11,1980,Bob,Brown,Innovate LLC,321 Maple St,Floor 5,USA,60601,IL,Chicago,789-012-3456
Mary Davis,mary.davis@example.com,Passw0rd!,Mrs,6,6,1988,Mary,Davis,Creative Works,654 Birch St,,USA,73301,TX,Austin,321-654-9870
Michael Wilson,m.wilson@example.com,Welcome123,Mr,29,7,1975,Michael,Wilson,BuildRight,987 Cedar St,Unit 12,USA,85001,AZ,Phoenix,654-321-0987
Emily White,emily.w@example.com,EmilyPass1,Miss,17,4,1995,Emily,White,DesignCo,111 Spruce St,Suite 5C,USA,48201,MI,Detroit,234-567-8901
David Green,david.g@example.com,Gr33nP@ss,Mr,1,9,1982,David,Green,HealthCorp,222 Willow St,Apt 8A,USA,98101,WA,Seattle,345-678-9012
Susan Lee,susan.lee@example.com,SusanSecure2,Mrs,20,12,1978,Susan,Lee,FinancePros,333 Fir St,Penthouse,USA,94101,CA,San Francisco,567-890-1234
James Harris,james.harris@example.com,Harris123,Mr,8,1,1987,James,Harris,Logistics Ltd,444 Aspen St,,USA,30303,CO,Denver,678-901-2345
